[
{
  "model": "sessions.session",
  "pk": "4w6vmtxyli6pdq419exjc0dvcr9z8nuf",
  "fields": {
    "session_data": "NzRhYzYzOWVhZmM0MjM3NDhmYjVhMjBlZjA5YzJiZGJlNjZmZjM3NDp7Il9hdXRoX3VzZXJfaWQiOiIyIiwiX2F1dGhfdXNlcl9iYWNrZW5kIjoiZGphbmdvLmNvbnRyaWIuYXV0aC5iYWNrZW5kcy5Nb2RlbEJhY2tlbmQiLCJfYXV0aF91c2VyX2hhc2giOiJkNzVhNmY4NmM5ZDdhYzFhYTRlYWY5YzBlMTQzYTBiOTFjM2M4MDM4In0=",
    "expire_date": "2019-12-13T21:27:00.181Z"
  }
},
{
  "model": "sessions.session",
  "pk": "armbg4v6xrur9093y83zu8p36dqmwva1",
  "fields": {
    "session_data": "NjYyNjRkOTU2ZTIxZTFiYjI5MTg2YjRlMzkwZWFiODE5YWZlMmUwYzp7InNvY2lhbGFjY291bnRfc3RhdGUiOlt7InByb2Nlc3MiOiJsb2dpbiIsInNjb3BlIjoiIiwiYXV0aF9wYXJhbXMiOiIifSwiZkZ1eFVrZEI0bUVGIl19",
    "expire_date": "2019-12-02T20:38:10.275Z"
  }
},
{
  "model": "sessions.session",
  "pk": "mdvqkrsrtp98x662hkytv21cittgw160",
  "fields": {
    "session_data": "NzRhYzYzOWVhZmM0MjM3NDhmYjVhMjBlZjA5YzJiZGJlNjZmZjM3NDp7Il9hdXRoX3VzZXJfaWQiOiIyIiwiX2F1dGhfdXNlcl9iYWNrZW5kIjoiZGphbmdvLmNvbnRyaWIuYXV0aC5iYWNrZW5kcy5Nb2RlbEJhY2tlbmQiLCJfYXV0aF91c2VyX2hhc2giOiJkNzVhNmY4NmM5ZDdhYzFhYTRlYWY5YzBlMTQzYTBiOTFjM2M4MDM4In0=",
    "expire_date": "2019-12-03T07:14:40.753Z"
  }
},
{
  "model": "sessions.session",
  "pk": "mkm21q3hqkb6jqv7wb8tbthi5unrhoft",
  "fields": {
    "session_data": "MzkxZTU4YWRkOWU0ZjM0MzY3MGNjMzUzNGY3MzdjYTZiMzM4ZmI5ODp7Il9hdXRoX3VzZXJfaWQiOiI0IiwiX2F1dGhfdXNlcl9iYWNrZW5kIjoiZGphbmdvLmNvbnRyaWIuYXV0aC5iYWNrZW5kcy5Nb2RlbEJhY2tlbmQiLCJfYXV0aF91c2VyX2hhc2giOiIzNzkxOTcyM2NiZTRhMTE5MjM3MmE5ODgzNDIxZDFmNzg5NWQ0Y2MxIn0=",
    "expire_date": "2019-12-03T07:31:43.960Z"
  }
},
{
  "model": "sessions.session",
  "pk": "n2zw674dqkta1vosza2dltchfnd1tlth",
  "fields": {
    "session_data": "NzRhYzYzOWVhZmM0MjM3NDhmYjVhMjBlZjA5YzJiZGJlNjZmZjM3NDp7Il9hdXRoX3VzZXJfaWQiOiIyIiwiX2F1dGhfdXNlcl9iYWNrZW5kIjoiZGphbmdvLmNvbnRyaWIuYXV0aC5iYWNrZW5kcy5Nb2RlbEJhY2tlbmQiLCJfYXV0aF91c2VyX2hhc2giOiJkNzVhNmY4NmM5ZDdhYzFhYTRlYWY5YzBlMTQzYTBiOTFjM2M4MDM4In0=",
    "expire_date": "2019-12-03T08:04:06.082Z"
  }
},
{
  "model": "sites.site",
  "pk": 1,
  "fields": {
    "domain": "example.com",
    "name": "example.com"
  }
},
{
  "model": "sites.site",
  "pk": 2,
  "fields": {
    "domain": "http://127.0.0.1:8000",
    "name": "http://127.0.0.1:8000"
  }
},
{
  "model": "sites.site",
  "pk": 3,
  "fields": {
    "domain": "http://localhost:8000",
    "name": "http://localhost:8000"
  }
},
{
  "model": "user.user",
  "pk": 1,
  "fields": {
    "password": "pbkdf2_sha256$150000$Z0vemZRG5dvI$goUoX3qvY73aHEiU5peFXa/jvEqqehXMX9HKmYG0R3k=",
    "email": "test@gmail.com",
    "name": null,
    "is_staff": true,
    "is_superuser": true,
    "is_active": true,
    "last_login": "2019-11-18T19:03:26.553Z",
    "date_joined": "2019-11-18T17:36:15.873Z",
    "all_score": 0,
    "current_easy": 1,
    "current_medium": 1,
    "current_hard": 1,
    "groups": [],
    "user_permissions": []
  }
},
{
  "model": "user.user",
  "pk": 2,
  "fields": {
    "password": "!6cLYa3qz0H69kaUsjqC0R0cvPT6B06zs4OIOCSZM",
    "email": "kasidis.lu@ku.th",
    "name": "True",
    "is_staff": false,
    "is_superuser": false,
    "is_active": true,
    "last_login": "2019-11-29T21:27:00.172Z",
    "date_joined": "2019-11-18T18:54:32.068Z",
    "all_score": 0,
    "current_easy": 1,
    "current_medium": 1,
    "current_hard": 1,
    "groups": [],
    "user_permissions": []
  }
},
{
  "model": "user.user",
  "pk": 3,
  "fields": {
    "password": "!yRZ9LeUYAiImqH2emKNtoNHV1MxpYzAEo16CTs8r",
    "email": "kasidis02@gmail.com",
    "name": "True",
    "is_staff": false,
    "is_superuser": false,
    "is_active": true,
    "last_login": "2019-11-18T19:01:57.326Z",
    "date_joined": "2019-11-18T18:57:20.058Z",
    "all_score": 0,
    "current_easy": 1,
    "current_medium": 1,
    "current_hard": 1,
    "groups": [],
    "user_permissions": []
  }
},
{
  "model": "user.user",
  "pk": 4,
  "fields": {
    "password": "pbkdf2_sha256$150000$2i2d9oWbc15s$9Dl5XOOHhC/vDBLWS7dZq08TmvxDi+pYl4BbYvDC450=",
    "email": "x@gmail.com",
    "name": null,
    "is_staff": true,
    "is_superuser": true,
    "is_active": true,
    "last_login": "2019-11-19T07:31:43.954Z",
    "date_joined": "2019-11-19T07:30:44.822Z",
    "all_score": 0,
    "current_easy": 1,
    "current_medium": 1,
    "current_hard": 1,
    "groups": [],
    "user_permissions": []
  }
},
{
  "model": "user.user",
  "pk": 6,
  "fields": {
    "password": "pbkdf2_sha256$150000$QyiW62XeFqAl$LmRTo4t7s27CGTuyJqr8bYGUOF8qi55W7wZJK/t7gEs=",
    "email": "earnnyearn00@gmail.com",
    "name": null,
    "is_staff": true,
    "is_superuser": true,
    "is_active": true,
    "last_login": "2019-11-28T13:44:47.996Z",
    "date_joined": "2019-11-27T13:33:07.302Z",
    "all_score": 10,
    "current_easy": 6,
    "current_medium": 1,
    "current_hard": 1,
    "groups": [],
    "user_permissions": []
  }
},
{
  "model": "user.user",
  "pk": 7,
  "fields": {
    "password": "!NJYRxeeG2f4BQ5Br0h7HUXR4xJCAyHaFAnukAZMs",
    "email": "sukrita.ki@ku.th",
    "name": null,
    "is_staff": false,
    "is_superuser": false,
    "is_active": true,
    "last_login": "2019-11-28T13:47:15.257Z",
    "date_joined": "2019-11-28T10:26:45.958Z",
    "all_score": 14,
    "current_easy": 2,
    "current_medium": 1,
    "current_hard": 3,
    "groups": [],
    "user_permissions": []
  }
},
{
  "model": "game.hardquestion",
  "pk": 1,
  "fields": {
    "image": "img/hard/1-cookie.png",
    "answer": "cookie",
    "score": 4
  }
},
{
  "model": "game.hardquestion",
  "pk": 2,
  "fields": {
    "image": "img/hard/2-address.png",
    "answer": "address",
    "score": 4
  }
},
{
  "model": "game.hardquestion",
  "pk": 3,
  "fields": {
    "image": "img/hard/3-tired.png",
    "answer": "tired",
    "score": 4
  }
},
{
  "model": "game.hardquestion",
  "pk": 4,
  "fields": {
    "image": "img/hard/4-spyglass.png",
    "answer": "spyglass",
    "score": 4
  }
},
{
  "model": "game.hardquestion",
  "pk": 5,
  "fields": {
    "image": "img/hard/5-tulip.png",
    "answer": "tulip",
    "score": 4
  }
},
{
  "model": "game.hardquestion",
  "pk": 6,
  "fields": {
    "image": "img/hard/6-design.png",
    "answer": "design",
    "score": 4
  }
},
{
  "model": "game.hardquestion",
  "pk": 7,
  "fields": {
    "image": "img/hard/7-sixty.png",
    "answer": "sixty",
    "score": 4
  }
},
{
  "model": "game.hardquestion",
  "pk": 8,
  "fields": {
    "image": "img/hard/8-belong.png",
    "answer": "belong",
    "score": 4
  }
},
{
  "model": "game.hardquestion",
  "pk": 9,
  "fields": {
    "image": "img/hard/9-summary.png",
    "answer": "summary",
    "score": 4
  }
},
{
  "model": "game.hardquestion",
  "pk": 10,
  "fields": {
    "image": "img/hard/10-microphone.png",
    "answer": "microphone",
    "score": 4
  }
},
{
  "model": "game.hardquestion",
  "pk": 11,
  "fields": {
    "image": "img/hard/11-championship.png",
    "answer": "championship",
    "score": 4
  }
},
{
  "model": "game.hardquestion",
  "pk": 12,
  "fields": {
    "image": "img/hard/12-party.png",
    "answer": "party",
    "score": 4
  }
},
{
  "model": "game.hardquestion",
  "pk": 13,
  "fields": {
    "image": "img/hard/13-ready.png",
    "answer": "ready",
    "score": 4
  }
},
{
  "model": "game.hardquestion",
  "pk": 14,
  "fields": {
    "image": "img/hard/14-keep_in_touch.png",
    "answer": "keep in touch",
    "score": 4
  }
},
{
  "model": "game.hardquestion",
  "pk": 15,
  "fields": {
    "image": "img/hard/15-playlist.png",
    "answer": "playlist",
    "score": 4
  }
},
{
  "model": "game.mediumquestion",
  "pk": 1,
  "fields": {
    "image": "img/medium/1-friday.png",
    "answer": "friday",
    "score": 3
  }
},
{
  "model": "game.mediumquestion",
  "pk": 2,
  "fields": {
    "image": "img/medium/2-lovesick.png",
    "answer": "lovesick",
    "score": 3
  }
},
{
  "model": "game.mediumquestion",
  "pk": 3,
  "fields": {
    "image": "img/medium/3-combat.png",
    "answer": "combat",
    "score": 3
  }
},
{
  "model": "game.mediumquestion",
  "pk": 4,
  "fields": {
    "image": "img/medium/4-billion.png",
    "answer": "billion",
    "score": 3
  }
},
{
  "model": "game.mediumquestion",
  "pk": 5,
  "fields": {
    "image": "img/medium/5-software.png",
    "answer": "software",
    "score": 3
  }
},
{
  "model": "game.mediumquestion",
  "pk": 6,
  "fields": {
    "image": "img/medium/6-bargain.png",
    "answer": "bargain",
    "score": 3
  }
},
{
  "model": "game.mediumquestion",
  "pk": 7,
  "fields": {
    "image": "img/medium/7-firefly.png",
    "answer": "firefly",
    "score": 3
  }
},
{
  "model": "game.mediumquestion",
  "pk": 8,
  "fields": {
    "image": "img/medium/8-office.png",
    "answer": "office",
    "score": 3
  }
},
{
  "model": "game.mediumquestion",
  "pk": 9,
  "fields": {
    "image": "img/medium/9-pipet.png",
    "answer": "pipet",
    "score": 3
  }
},
{
  "model": "game.mediumquestion",
  "pk": 10,
  "fields": {
    "image": "img/medium/10-password.png",
    "answer": "password",
    "score": 3
  }
},
{
  "model": "game.mediumquestion",
  "pk": 11,
  "fields": {
    "image": "img/medium/11-babysit.png",
    "answer": "babysit",
    "score": 3
  }
},
{
  "model": "game.mediumquestion",
  "pk": 12,
  "fields": {
    "image": "img/medium/12-begin.png",
    "answer": "begin",
    "score": 3
  }
},
{
  "model": "game.mediumquestion",
  "pk": 13,
  "fields": {
    "image": "img/medium/13-waterfall.png",
    "answer": "waterfall",
    "score": 3
  }
},
{
  "model": "game.mediumquestion",
  "pk": 14,
  "fields": {
    "image": "img/medium/14-peasant.png",
    "answer": "peasant",
    "score": 3
  }
},
{
  "model": "game.mediumquestion",
  "pk": 15,
  "fields": {
    "image": "img/medium/15-nightmare.png",
    "answer": "nightmare",
    "score": 3
  }
},
{
  "model": "game.mediumquestion",
  "pk": 16,
  "fields": {
    "image": "img/medium/16-secondhand.png",
    "answer": "secondhand",
    "score": 3
  }
},
{
  "model": "game.mediumquestion",
  "pk": 17,
  "fields": {
    "image": "img/medium/17-asleep.png",
    "answer": "asleep",
    "score": 3
  }
},
{
  "model": "game.mediumquestion",
  "pk": 18,
  "fields": {
    "image": "img/medium/18-cocktail.png",
    "answer": "cocktail",
    "score": 3
  }
},
{
  "model": "game.mediumquestion",
  "pk": 19,
  "fields": {
    "image": "img/medium/19-hijack.png",
    "answer": "hijack",
    "score": 3
  }
},
{
  "model": "game.mediumquestion",
  "pk": 20,
  "fields": {
    "image": "img/medium/20-romantic.png",
    "answer": "romantic",
    "score": 3
  }
},
{
  "model": "game.easyquestion",
  "pk": 1,
  "fields": {
    "image": "img/easy/1rainbow.png",
    "answer": "rainbow",
    "score": 2
  }
},
{
  "model": "game.easyquestion",
  "pk": 2,
  "fields": {
    "image": "img/easy/2background.png",
    "answer": "background",
    "score": 2
  }
},
{
  "model": "game.easyquestion",
  "pk": 3,
  "fields": {
    "image": "img/easy/3butterfly.png",
    "answer": "butterfly",
    "score": 2
  }
},
{
  "model": "game.easyquestion",
  "pk": 4,
  "fields": {
    "image": "img/easy/4cowboy.png",
    "answer": "cowboy",
    "score": 2
  }
},
{
  "model": "game.easyquestion",
  "pk": 5,
  "fields": {
    "image": "img/easy/5facebook.png",
    "answer": "facebook",
    "score": 2
  }
},
{
  "model": "game.easyquestion",
  "pk": 6,
  "fields": {
    "image": "img/easy/6firefox.png",
    "answer": "firefox",
    "score": 2
  }
},
{
  "model": "game.easyquestion",
  "pk": 7,
  "fields": {
    "image": "img/easy/7football.png",
    "answer": "football",
    "score": 2
  }
},
{
  "model": "game.easyquestion",
  "pk": 8,
  "fields": {
    "image": "img/easy/8hotdog.png",
    "answer": "hotdog",
    "score": 2
  }
},
{
  "model": "game.easyquestion",
  "pk": 9,
  "fields": {
    "image": "img/easy/9mountain.png",
    "answer": "mountain",
    "score": 2
  }
},
{
  "model": "game.easyquestion",
  "pk": 10,
  "fields": {
    "image": "img/easy/10carpet.png",
    "answer": "carpet",
    "score": 2
  }
},
{
  "model": "game.easyquestion",
  "pk": 11,
  "fields": {
    "image": "img/easy/11notebook.png",
    "answer": "notebook",
    "score": 2
  }
},
{
  "model": "game.easyquestion",
  "pk": 12,
  "fields": {
    "image": "img/easy/12pancake.png",
    "answer": "pancake",
    "score": 2
  }
},
{
  "model": "game.easyquestion",
  "pk": 13,
  "fields": {
    "image": "img/easy/13pillow.png",
    "answer": "pillow",
    "score": 2
  }
},
{
  "model": "game.easyquestion",
  "pk": 14,
  "fields": {
    "image": "img/easy/14wallpaper.png",
    "answer": "wallpaper",
    "score": 2
  }
},
{
  "model": "game.easyquestion",
  "pk": 15,
  "fields": {
    "image": "img/easy/15watermelon.png",
    "answer": "watermelon",
    "score": 2
  }
},
{
  "model": "account.emailaddress",
  "pk": 1,
  "fields": {
    "user": 2,
    "email": "kasidis.lu@ku.th",
    "verified": true,
    "primary": true
  }
},
{
  "model": "account.emailaddress",
  "pk": 2,
  "fields": {
    "user": 3,
    "email": "kasidis02@gmail.com",
    "verified": false,
    "primary": true
  }
},
{
  "model": "socialaccount.socialapp",
  "pk": 1,
  "fields": {
    "provider": "google",
    "name": "Google-login",
    "client_id": "842934651090-l0s5lhn64hhug7btcjt8r69sfas04ph5.apps.googleusercontent.com",
    "secret": "U8aCOR9Jx5BFhtcXbQ2OInIt",
    "key": "",
    "sites": [
      1,
      2,
      3
    ]
  }
},
{
  "model": "socialaccount.socialapp",
  "pk": 2,
  "fields": {
    "provider": "facebook",
    "name": "Facebook-login",
    "client_id": "2366642216920883",
    "secret": "1da45c333f920545e1534601fb129536",
    "key": "",
    "sites": [
      1,
      2,
      3
    ]
  }
},
{
  "model": "socialaccount.socialaccount",
  "pk": 1,
  "fields": {
    "user": 2,
    "provider": "google",
    "uid": "103039445084350750946",
    "last_login": "2019-11-29T21:27:00.157Z",
    "date_joined": "2019-11-18T18:54:32.072Z",
    "extra_data": "{\"id\": \"103039445084350750946\", \"email\": \"kasidis.lu@ku.th\", \"verified_email\": true, \"name\": \"Kasidis LUANGWUTIWONG\", \"given_name\": \"Kasidis\", \"family_name\": \"LUANGWUTIWONG\", \"picture\": \"https://lh3.googleusercontent.com/a-/AAuE7mA6duI6jRpGuXa4Za8PTeIfLjbsGEWbHCrqzSWd\", \"locale\": \"en\", \"hd\": \"ku.th\"}"
  }
},
{
  "model": "socialaccount.socialaccount",
  "pk": 2,
  "fields": {
    "user": 3,
    "provider": "facebook",
    "uid": "1912994042180333",
    "last_login": "2019-11-18T19:01:57.313Z",
    "date_joined": "2019-11-18T18:57:20.061Z",
    "extra_data": "{\"id\": \"1912994042180333\", \"email\": \"kasidis02@gmail.com\", \"name\": \"Pong Kasidis\", \"first_name\": \"Pong\", \"last_name\": \"Kasidis\"}"
  }
},
{
  "model": "socialaccount.socialtoken",
  "pk": 1,
  "fields": {
    "app": 1,
    "account": 1,
    "token": "ya29.ImSzBzefWO55vjkQkYf_Pj33MQ26RVEFLr2zsp8LY2s_i28aI9_0ooBxPD90KgNfP94qFwcb215TxdMVnUp8CZc2ANdiyNUtd_2yGADOSIFO0FY3ugf4sFYiAtBxKZ0kZ7Ab45IT",
    "token_secret": "",
    "expires_at": "2019-11-29T22:26:59.972Z"
  }
},
{
  "model": "socialaccount.socialtoken",
  "pk": 2,
  "fields": {
    "app": 2,
    "account": 2,
    "token": "EAAhoctSmZAzMBADyQAfflQKZAd1F8UVe91HpT5LqMaOumCCf3LIqtmtU4GwgTvZCIUGUKqimnYYWr3HWlT8gikSkHfq0hv0CtKkOmEFhgntgNM2goKCJZAc7ah5bR3ZBhuYHgIn1B7nAkwklyBpZAHR7koRPKRwykD9dULZBkxZAWgZCCCeOE0JBgZATnjKSn2NSGLpYC0DT2PgwZDZD",
    "token_secret": "",
    "expires_at": null
  }
},
{
  "model": "admin.logentry",
  "pk": 1,
  "fields": {
    "action_time": "2019-11-18T18:02:35.989Z",
    "user": 1,
    "content_type": 14,
    "object_id": "1",
    "object_repr": "Google-login",
    "action_flag": 1,
    "change_message": "[{\"added\": {}}]"
  }
},
{
  "model": "admin.logentry",
  "pk": 2,
  "fields": {
    "action_time": "2019-11-18T18:02:54.411Z",
    "user": 1,
    "content_type": 14,
    "object_id": "2",
    "object_repr": "Facebook-login",
    "action_flag": 1,
    "change_message": "[{\"added\": {}}]"
  }
},
{
  "model": "admin.logentry",
  "pk": 3,
  "fields": {
    "action_time": "2019-11-18T18:05:56.190Z",
    "user": 1,
    "content_type": 6,
    "object_id": "2",
    "object_repr": "http://127.0.0.1:8000",
    "action_flag": 1,
    "change_message": "[{\"added\": {}}]"
  }
},
{
  "model": "admin.logentry",
  "pk": 4,
  "fields": {
    "action_time": "2019-11-18T18:06:37.457Z",
    "user": 1,
    "content_type": 6,
    "object_id": "3",
    "object_repr": "http://localhost:8000",
    "action_flag": 1,
    "change_message": "[{\"added\": {}}]"
  }
},
{
  "model": "admin.logentry",
  "pk": 5,
  "fields": {
    "action_time": "2019-11-18T18:06:55.895Z",
    "user": 1,
    "content_type": 14,
    "object_id": "2",
    "object_repr": "Facebook-login",
    "action_flag": 2,
    "change_message": "[{\"changed\": {\"fields\": [\"sites\"]}}]"
  }
},
{
  "model": "admin.logentry",
  "pk": 6,
  "fields": {
    "action_time": "2019-11-18T18:07:02.398Z",
    "user": 1,
    "content_type": 14,
    "object_id": "1",
    "object_repr": "Google-login",
    "action_flag": 2,
    "change_message": "[{\"changed\": {\"fields\": [\"sites\"]}}]"
  }
},
{
  "model": "admin.logentry",
  "pk": 7,
  "fields": {
    "action_time": "2019-11-18T18:38:44.125Z",
    "user": 1,
    "content_type": 8,
    "object_id": "1",
    "object_repr": "w",
    "action_flag": 1,
    "change_message": "[{\"added\": {}}]"
  }
}
]
